Марка;Ссылка;Цена в долларах;Цена в гривнах;Город
Ford Kuga 2019;https://auto.ria.com/newauto/auto-ford-kuga-1810160.html;29 619 $;830 485 грн;Киев
Ford Ranger 2019;https://auto.ria.com/newauto/auto-ford-ranger-1832565.html;41 080 $;1 165 806 грн;Одесса
Ford Kuga 2019;https://auto.ria.com/newauto/auto-ford-kuga-1808238.html;32 451 $;909 877 грн;Киев
Ford Kuga 2019;https://auto.ria.com/newauto/auto-ford-kuga-1793030.html;21 656 $;607 210 грн;Киев
Ford Kuga 2019;https://auto.ria.com/newauto/auto-ford-kuga-1823370.html;25 115 $;704 200 грн;Мукачево
Ford Ranger 2019;https://auto.ria.com/newauto/auto-ford-ranger-1832880.html;30 530 $;856 005 грн;Запорожье
Ford Kuga 2019;https://auto.ria.com/newauto/auto-ford-kuga-1717219.html;19 973 $;560 000 грн;Львов
Ford Kuga 2019;https://auto.ria.com/newauto/auto-ford-kuga-1806623.html;24 074 $;675 000 грн;Львов
Ford Kuga 2019;https://auto.ria.com/newauto/auto-ford-kuga-1832583.html;27 502 $;771 103 грн;Одесса
Ford Focus 2019;https://auto.ria.com/newauto/auto-ford-focus-1717238.html;24 671 $;699 000 грн;Львов
Ford Transit Connect груз. 2019;https://auto.ria.com/newauto/auto-ford-transit-connect-gruz-1793434.html;19 765 $;560 000 грн;Винница
Ford Transit Custom 2020;https://auto.ria.com/newauto/auto-ford-transit-custom-1810136.html;32 825 $;930 000 грн;Винница
Ford Kuga 2019;https://auto.ria.com/newauto/auto-ford-kuga-1791528.html;21 042 $;590 000 грн;Винница
Ford Kuga 2019;https://auto.ria.com/newauto/auto-ford-kuga-1831725.html;28 636 $;802 900 грн;Херсон
Ford Kuga 2019;https://auto.ria.com/newauto/auto-ford-kuga-1832347.html;26 248 $;744 853 грн;Житомир
Ford Tourneo Custom 2019;https://auto.ria.com/newauto/auto-ford-tourneo-custom-1820060.html;43 244 $;1 212 503 грн;Житомир
Ford Transit Custom 2018;https://auto.ria.com/newauto/auto-ford-transit-custom-1774154.html;28 307 $;803 320 грн;Киев
Ford KA 2019;https://auto.ria.com/newauto/auto-ford-ka-1833953.html;12 126 $;340 000 грн;Запорожье
Ford Transit пасс. 2019;https://auto.ria.com/newauto/auto-ford-transit-pass-1830653.html;32 472 $;920 000 грн;Винница
Ford Kuga 2019;https://auto.ria.com/newauto/auto-ford-kuga-1817861.html;27 819 $;780 000 грн;Винница
Ford Ranger 2019;https://auto.ria.com/newauto/auto-ford-ranger-1811864.html;39 884 $;1 130 000 грн;Винница
Ford Ranger 2019;https://auto.ria.com/newauto/auto-ford-ranger-1831766.html;42 054 $;1 193 400 грн;Херсон
Ford KA 2019;https://auto.ria.com/newauto/auto-ford-ka-1826469.html;12 894 $;330 033 грн;Ивано-Франковск
Ford Mondeo 2019;https://auto.ria.com/newauto/auto-ford-mondeo-1831816.html;30 823 $;874 700 грн;Херсон
Ford Ranger 2019;https://auto.ria.com/newauto/auto-ford-ranger-1822144.html;41 138 $;1 167 407 грн;Одесса
Ford Ranger 2019;https://auto.ria.com/newauto/auto-ford-ranger-1832932.html;38 340 $;1 088 000 грн;Херсон
Ford Kuga 2019;https://auto.ria.com/newauto/auto-ford-kuga-1797944.html;31 385 $;880 000 грн;Винница
Ford Transit груз. 2019;https://auto.ria.com/newauto/auto-ford-transit-gruz-1791538.html;38 119 $;1 080 000 грн;Винница
Ford Kuga 2019;https://auto.ria.com/newauto/auto-ford-kuga-1821303.html;32 564 $;924 092 грн;Одесса
Ford Tourneo Custom 2019;https://auto.ria.com/newauto/auto-ford-tourneo-custom-1810167.html;41 648 $;1 180 000 грн;Винница
Ford Tourneo Custom 2019;https://auto.ria.com/newauto/auto-ford-tourneo-custom-1810168.html;39 531 $;1 120 000 грн;Винница
Ford Ranger 2019;https://auto.ria.com/newauto/auto-ford-ranger-1821583.html;30 164 $;856 005 грн;Запорожье
Ford Kuga 2019;https://auto.ria.com/newauto/auto-ford-kuga-1797943.html;27 819 $;780 000 грн;Винница
Ford Ranger 2019;https://auto.ria.com/newauto/auto-ford-ranger-1816793.html;32 472 $;920 000 грн;Винница
Ford Kuga 2019;https://auto.ria.com/newauto/auto-ford-kuga-1832198.html;24 292 $;689 371 грн;Запорожье
Ford Ranger 2019;https://auto.ria.com/newauto/auto-ford-ranger-1829269.html;43 868 $;1 230 000 грн;Винница
Ford Mondeo 2019;https://auto.ria.com/newauto/auto-ford-mondeo-1829942.html;33 491 $;800 000 грн;Полтава
Ford Ranger 2019;https://auto.ria.com/newauto/auto-ford-ranger-1826561.html;33 867 $;949 588 грн;Киев
Ford Tourneo Connect пасс. 2019;https://auto.ria.com/newauto/auto-ford-tourneo-connect-pass-1826089.html;26 093 $;731 617 грн;Житомир
Ford Ranger 2020;https://auto.ria.com/newauto/auto-ford-ranger-1826695.html;32 472 $;920 000 грн;Винница
Ford Ranger 2019;https://auto.ria.com/newauto/auto-ford-ranger-1823371.html;43 413 $;1 230 000 грн;Винница
Ford Focus 2020;https://auto.ria.com/newauto/auto-ford-focus-1812227.html;19 901 $;558 000 грн;Винница
Ford Tourneo Custom 2019;https://auto.ria.com/newauto/auto-ford-tourneo-custom-1808146.html;45 178 $;1 280 000 грн;Винница
Ford Kuga 2019;https://auto.ria.com/newauto/auto-ford-kuga-1831817.html;29 918 $;845 000 грн;Херсон
Ford KA 2019;https://auto.ria.com/newauto/auto-ford-ka-1792922.html;12 126 $;340 000 грн;Винница
Ford Transit пасс. 2020;https://auto.ria.com/newauto/auto-ford-transit-pass-1830369.html;32 825 $;930 000 грн;Винница
Ford Ranger 2019;https://auto.ria.com/newauto/auto-ford-ranger-1827198.html;45 259 $;1 269 001 грн;Киев
Ford Ranger 2019;https://auto.ria.com/newauto/auto-ford-ranger-1826875.html;41 765 $;1 171 016 грн;Киев
Ford Kuga 2019;https://auto.ria.com/newauto/auto-ford-kuga-1834141.html;22 135 $;604 835 грн;Полтава
Ford Focus 2019;https://auto.ria.com/newauto/auto-ford-focus-1796923.html;21 174 $;600 908 грн;Одесса
Ford Transit Custom 2020;https://auto.ria.com/newauto/auto-ford-transit-custom-1811915.html;32 825 $;930 000 грн;Винница
Ford KA 2019;https://auto.ria.com/newauto/auto-ford-ka-1822036.html;12 296 $;344 758 грн;Житомир
Ford Transit пасс. 2020;https://auto.ria.com/newauto/auto-ford-transit-pass-1795721.html;46 365 $;1 300 000 грн;Винница
Ford Focus 2019;https://auto.ria.com/newauto/auto-ford-focus-1831724.html;19 833 $;556 100 грн;Херсон
Ford Kuga 2019;https://auto.ria.com/newauto/auto-ford-kuga-1817592.html;26 709 $;748 878 грн;Киев
Ford Kuga 2019;https://auto.ria.com/newauto/auto-ford-kuga-1821524.html;31 080 $;761 560 грн;Киев
Ford Focus 2019;https://auto.ria.com/newauto/auto-ford-focus-1819411.html;21 458 $;601 652 грн;Житомир
Ford Focus 2019;https://auto.ria.com/newauto/auto-ford-focus-1831896.html;15 889 $;445 500 грн;Херсон
Ford Mondeo 2019;https://auto.ria.com/newauto/auto-ford-mondeo-1833211.html;34 698 $;980 000 грн;Запорожье
Ford Mondeo 2019;https://auto.ria.com/newauto/auto-ford-mondeo-1821306.html;37 024 $;937 120 грн;Одесса
Ford Focus 2019;https://auto.ria.com/newauto/auto-ford-focus-1834104.html;20 686 $;580 000 грн;Полтава
Ford Tourneo Custom 2019;https://auto.ria.com/newauto/auto-ford-tourneo-custom-1811900.html;39 781 $;1 115 389 грн;Киев
Ford Kuga 2019;https://auto.ria.com/newauto/auto-ford-kuga-1834158.html;28 191 $;790 431 грн;Житомир
Ford Kuga 2019;https://auto.ria.com/newauto/auto-ford-kuga-1834157.html;27 771 $;778 662 грн;Житомир
Ford Transit Custom 2020;https://auto.ria.com/newauto/auto-ford-transit-custom-1808148.html;35 309 $;990 000 грн;Винница
Ford Tourneo Connect пасс. 2019;https://auto.ria.com/newauto/auto-ford-tourneo-connect-pass-1833161.html;23 785 $;674 970 грн;Полтава
Ford Transit Custom 2019;https://auto.ria.com/newauto/auto-ford-transit-custom-1810174.html;30 707 $;870 000 грн;Винница
Ford Transit пасс. 2019;https://auto.ria.com/newauto/auto-ford-transit-pass-1808157.html;45 178 $;1 280 000 грн;Винница
Ford Tourneo Custom 2019;https://auto.ria.com/newauto/auto-ford-tourneo-custom-1823562.html;42 798 $;1 200 000 грн;Винница
Ford Transit пасс. 2019;https://auto.ria.com/newauto/auto-ford-transit-pass-1721060.html;42 354 $;1 200 000 грн;Винница
Ford Transit груз. 2019;https://auto.ria.com/newauto/auto-ford-transit-gruz-1832589.html;30 707 $;870 000 грн;Винница
Ford Focus 2019;https://auto.ria.com/newauto/auto-ford-focus-1816938.html;19 665 $;485 000 грн;Полтава
Ford Transit груз. 2019;https://auto.ria.com/newauto/auto-ford-transit-gruz-1791537.html;31 766 $;900 000 грн;Винница
Ford Transit пасс. 2019;https://auto.ria.com/newauto/auto-ford-transit-pass-1808156.html;42 354 $;1 200 000 грн;Винница
Ford Transit груз. 2019;https://auto.ria.com/newauto/auto-ford-transit-gruz-1818914.html;58 848 $;1 650 000 грн;Винница
Ford Transit груз. 2019;https://auto.ria.com/newauto/auto-ford-transit-gruz-1817197.html;49 413 $;1 400 000 грн;Винница
Ford Transit пасс. 2019;https://auto.ria.com/newauto/auto-ford-transit-pass-1812233.html;42 354 $;1 200 000 грн;Винница
Ford Transit пасс. 2020;https://auto.ria.com/newauto/auto-ford-transit-pass-1816151.html;46 365 $;1 300 000 грн;Винница
Ford Transit пасс. 2020;https://auto.ria.com/newauto/auto-ford-transit-pass-1816149.html;46 365 $;1 300 000 грн;Винница
Ford Transit пасс. 2019;https://auto.ria.com/newauto/auto-ford-transit-pass-1811723.html;45 652 $;1 280 000 грн;Винница
Ford Transit пасс. 2019;https://auto.ria.com/newauto/auto-ford-transit-pass-1821079.html;47 552 $;1 333 277 грн;Одесса
Ford Tourneo Connect пасс. 2019;https://auto.ria.com/newauto/auto-ford-tourneo-connect-pass-1824681.html;23 070 $;654 706 грн;Полтава
Ford Fiesta 2019;https://auto.ria.com/newauto/auto-ford-fiesta-1791519.html;15 693 $;440 000 грн;Винница
Ford Focus 2019;https://auto.ria.com/newauto/auto-ford-focus-1805712.html;17 803 $;505 222 грн;Полтава
Ford KA 2019;https://auto.ria.com/newauto/auto-ford-ka-1831858.html;11 427 $;320 405 грн;Киев
Ford KA 2019;https://auto.ria.com/newauto/auto-ford-ka-1823925.html;11 740 $;329 160 грн;Ивано-Франковск
Ford KA 2019;https://auto.ria.com/newauto/auto-ford-ka-1805702.html;11 740 $;329 160 грн;Полтава
Ford Tourneo Custom 2019;https://auto.ria.com/newauto/auto-ford-tourneo-custom-1757592.html;38 880 $;1 103 369 грн;Полтава
Ford Transit пасс. 2019;https://auto.ria.com/newauto/auto-ford-transit-pass-1805803.html;45 318 $;1 286 079 грн;Полтава
Ford KA 2019;https://auto.ria.com/newauto/auto-ford-ka-1796090.html;11 998 $;336 417 грн;Запорожье
Ford KA 2019;https://auto.ria.com/newauto/auto-ford-ka-1805701.html;11 276 $;320 000 грн;Полтава
Ford Focus 2019;https://auto.ria.com/newauto/auto-ford-focus-1831850.html;14 881 $;420 313 грн;Киев
Ford Kuga 2019;https://auto.ria.com/newauto/auto-ford-kuga-1802415.html;27 310 $;735 674 грн;Киев
Ford Focus 2019;https://auto.ria.com/newauto/auto-ford-focus-1805709.html;16 366 $;464 457 грн;Полтава
Ford Transit Custom 2019;https://auto.ria.com/newauto/auto-ford-transit-custom-1706298.html;26 023 $;737 300 грн;Львов
Ford Edge 2019;https://auto.ria.com/newauto/auto-ford-edge-1805744.html;45 517 $;1 291 736 грн;Полтава
Ford Transit груз. 2019;https://auto.ria.com/newauto/auto-ford-transit-gruz-1810318.html;31 060 $;880 000 грн;Винница
Ford Kuga 2019;https://auto.ria.com/newauto/auto-ford-kuga-1816937.html;29 908 $;844 729 грн;Полтава
Ford Tourneo Custom 2019;https://auto.ria.com/newauto/auto-ford-tourneo-custom-1831476.html;40 310 $;1 143 907 грн;Киев
Ford Kuga 2019;https://auto.ria.com/newauto/auto-ford-kuga-1821519.html;30 526 $;797 748 грн;Киев
Ford Tourneo Connect пасс. 2019;https://auto.ria.com/newauto/auto-ford-tourneo-connect-pass-1794226.html;21 753 $;586 277 грн;Киев
Ford Tourneo Custom 2020;https://auto.ria.com/newauto/auto-ford-tourneo-custom-1815888.html;36 755 $;1 043 017 грн;Киев
Ford Kuga 2019;https://auto.ria.com/newauto/auto-ford-kuga-1821521.html;30 463 $;807 279 грн;Киев
Ford Kuga 2019;https://auto.ria.com/newauto/auto-ford-kuga-1821518.html;29 398 $;795 146 грн;Киев
Ford Kuga 2019;https://auto.ria.com/newauto/auto-ford-kuga-1821522.html;30 563 $;809 855 грн;Киев
Ford Kuga 2019;https://auto.ria.com/newauto/auto-ford-kuga-1816791.html;29 572 $;839 192 грн;Киев
Ford Kuga 2019;https://auto.ria.com/newauto/auto-ford-kuga-1802414.html;27 109 $;729 806 грн;Киев
Ford Focus 2019;https://auto.ria.com/newauto/auto-ford-focus-1831852.html;21 605 $;613 093 грн;Киев
Ford Tourneo Connect пасс. 2019;https://auto.ria.com/newauto/auto-ford-tourneo-connect-pass-1821514.html;23 193 $;638 926 грн;Киев
Ford Kuga 2019;https://auto.ria.com/newauto/auto-ford-kuga-1802416.html;28 388 $;746 798 грн;Киев
Ford Focus 2019;https://auto.ria.com/newauto/auto-ford-focus-1831846.html;20 776 $;589 569 грн;Киев
Ford Kuga 2019;https://auto.ria.com/newauto/auto-ford-kuga-1815886.html;29 209 $;782 030 грн;Киев
Ford Transit Custom 2019;https://auto.ria.com/newauto/auto-ford-transit-custom-1774150.html;30 505 $;865 663 грн;Киев
Ford KA 2019;https://auto.ria.com/newauto/auto-ford-ka-1831862.html;12 076 $;342 681 грн;Киев
Ford Tourneo Connect пасс. 2019;https://auto.ria.com/newauto/auto-ford-tourneo-connect-pass-1799498.html;22 934 $;599 260 грн;Киев
Ford Focus 2019;https://auto.ria.com/newauto/auto-ford-focus-1831851.html;20 351 $;577 516 грн;Киев
Ford KA 2019;https://auto.ria.com/newauto/auto-ford-ka-1831860.html;11 043 $;313 370 грн;Киев
Ford Tourneo Custom 2019;https://auto.ria.com/newauto/auto-ford-tourneo-custom-1793039.html;37 477 $;986 492 грн;Киев
Ford Tourneo Custom 2019;https://auto.ria.com/newauto/auto-ford-tourneo-custom-1821512.html;37 696 $;1 026 423 грн;Киев
Ford Fiesta 2019;https://auto.ria.com/newauto/auto-ford-fiesta-1831856.html;18 102 $;513 689 грн;Киев
Ford Tourneo Connect пасс. 2019;https://auto.ria.com/newauto/auto-ford-tourneo-connect-pass-1793033.html;22 543 $;621 005 грн;Киев
Ford Transit Custom 2019;https://auto.ria.com/newauto/auto-ford-transit-custom-1826493.html;31 630 $;897 602 грн;Киев
Ford Focus 2019;https://auto.ria.com/newauto/auto-ford-focus-1831847.html;22 380 $;635 103 грн;Киев
Ford KA 2019;https://auto.ria.com/newauto/auto-ford-ka-1831863.html;12 333 $;349 982 грн;Киев
Ford Tourneo Custom 2019;https://auto.ria.com/newauto/auto-ford-tourneo-custom-1831475.html;39 872 $;1 131 481 грн;Киев
Ford Tourneo Custom 2019;https://auto.ria.com/newauto/auto-ford-tourneo-custom-1826490.html;40 637 $;1 061 496 грн;Киев
Ford Tourneo Custom 2019;https://auto.ria.com/newauto/auto-ford-tourneo-custom-1826491.html;41 073 $;1 032 397 грн;Киев
Ford Tourneo Custom 2019;https://auto.ria.com/newauto/auto-ford-tourneo-custom-1826492.html;41 524 $;1 119 454 грн;Киев
Ford Kuga 2019;https://auto.ria.com/newauto/auto-ford-kuga-1821520.html;31 457 $;804 651 грн;Киев
Ford Tourneo Custom 2020;https://auto.ria.com/newauto/auto-ford-tourneo-custom-1811899.html;35 810 $;990 076 грн;Киев
Ford Kuga 2019;https://auto.ria.com/newauto/auto-ford-kuga-1804538.html;28 959 $;752 321 грн;Киев
Ford Tourneo Custom 2019;https://auto.ria.com/newauto/auto-ford-tourneo-custom-1826489.html;38 533 $;1 038 450 грн;Киев
Ford Focus 2019;https://auto.ria.com/newauto/auto-ford-focus-1831854.html;21 702 $;615 854 грн;Киев
Ford KA 2019;https://auto.ria.com/newauto/auto-ford-ka-1831861.html;11 923 $;338 353 грн;Киев
Ford Focus 2019;https://auto.ria.com/newauto/auto-ford-focus-1831845.html;19 775 $;561 187 грн;Киев
Ford Tourneo Custom 2019;https://auto.ria.com/newauto/auto-ford-tourneo-custom-1831478.html;41 385 $;1 174 413 грн;Киев
Ford Transit Custom 2020;https://auto.ria.com/newauto/auto-ford-transit-custom-1831826.html;28 773 $;816 519 грн;Киев
Ford Focus 2019;https://auto.ria.com/newauto/auto-ford-focus-1829320.html;23 238 $;659 457 грн;Запорожье
Ford Focus 2019;https://auto.ria.com/newauto/auto-ford-focus-1823143.html;17 803 $;505 222 грн;Запорожье
Ford Transit Custom 2019;https://auto.ria.com/newauto/auto-ford-transit-custom-1807383.html;31 186 $;885 000 грн;Одесса
Ford Focus 2019;https://auto.ria.com/newauto/auto-ford-focus-1796115.html;22 255 $;631 561 грн;Запорожье
Ford Focus 2019;https://auto.ria.com/newauto/auto-ford-focus-1829365.html;22 226 $;630 720 грн;Ивано-Франковск
Ford Focus 2019;https://auto.ria.com/newauto/auto-ford-focus-1796106.html;20 195 $;573 078 грн;Запорожье
Ford KA 2019;https://auto.ria.com/newauto/auto-ford-ka-1823862.html;11 855 $;336 417 грн;Ивано-Франковск
Ford Focus 2019;https://auto.ria.com/newauto/auto-ford-focus-1796096.html;16 367 $;464 457 грн;Запорожье
Ford Tourneo Courier 2019;https://auto.ria.com/newauto/auto-ford-tourneo-courier-1823928.html;16 711 $;474 235 грн;Ивано-Франковск
Ford Tourneo Custom 2019;https://auto.ria.com/newauto/auto-ford-tourneo-custom-1822156.html;34 640 $;983 000 грн;Львов
Ford Mondeo 2019;https://auto.ria.com/newauto/auto-ford-mondeo-1823921.html;36 114 $;1 024 830 грн;Ивано-Франковск
Ford Transit груз. 2019;https://auto.ria.com/newauto/auto-ford-transit-gruz-1810383.html;28 236 $;800 000 грн;Винница
Ford Transit Connect груз. 2019;https://auto.ria.com/newauto/auto-ford-transit-connect-gruz-1823882.html;19 454 $;552 063 грн;Ивано-Франковск
Ford Tourneo Custom 2019;https://auto.ria.com/newauto/auto-ford-tourneo-custom-1823908.html;45 684 $;1 296 425 грн;Ивано-Франковск
Ford Transit пасс. 2019;https://auto.ria.com/newauto/auto-ford-transit-pass-1823922.html;36 886 $;1 046 741 грн;Ивано-Франковск
Ford Transit пасс. 2019;https://auto.ria.com/newauto/auto-ford-transit-pass-1823923.html;32 722 $;928 585 грн;Ивано-Франковск
Ford Focus 2019;https://auto.ria.com/newauto/auto-ford-focus-1823867.html;20 599 $;584 544 грн;Ивано-Франковск
Ford Tourneo Custom 2019;https://auto.ria.com/newauto/auto-ford-tourneo-custom-1796170.html;42 619 $;1 209 426 грн;Запорожье
Ford Focus 2019;https://auto.ria.com/newauto/auto-ford-focus-1823864.html;16 367 $;464 457 грн;Ивано-Франковск
Ford Fiesta 2019;https://auto.ria.com/newauto/auto-ford-fiesta-1802011.html;20 350 $;577 503 грн;Запорожье
Ford Mondeo 2019;https://auto.ria.com/newauto/auto-ford-mondeo-1823918.html;32 209 $;914 025 грн;Ивано-Франковск
Ford Mondeo 2019;https://auto.ria.com/newauto/auto-ford-mondeo-1823916.html;28 768 $;816 365 грн;Ивано-Франковск
Ford KA 2019;https://auto.ria.com/newauto/auto-ford-ka-1823924.html;11 276 $;320 000 грн;Ивано-Франковск
Ford Focus 2019;https://auto.ria.com/newauto/auto-ford-focus-1823144.html;18 196 $;516 356 грн;Запорожье
Ford Edge 2019;https://auto.ria.com/newauto/auto-ford-edge-1796134.html;45 519 $;1 291 736 грн;Запорожье
Ford Tourneo Connect пасс. 2019;https://auto.ria.com/newauto/auto-ford-tourneo-connect-pass-1822758.html;24 196 $;686 644 грн;Запорожье
Ford Ranger 2019;https://auto.ria.com/newauto/auto-ford-ranger-1802008.html;38 184 $;1 083 586 грн;Запорожье
Ford Kuga 2019;https://auto.ria.com/newauto/auto-ford-kuga-1796131.html;30 078 $;853 552 грн;Запорожье
Ford Tourneo Custom 2019;https://auto.ria.com/newauto/auto-ford-tourneo-custom-1807326.html;44 946 $;1 275 461 грн;Запорожье
Ford Transit пасс. 2019;https://auto.ria.com/newauto/auto-ford-transit-pass-1823886.html;45 320 $;1 286 079 грн;Ивано-Франковск
Ford Transit груз. 2019;https://auto.ria.com/newauto/auto-ford-transit-gruz-1807336.html;38 131 $;1 082 073 грн;Запорожье
Ford Focus 2019;https://auto.ria.com/newauto/auto-ford-focus-1796110.html;21 626 $;613 703 грн;Запорожье
Ford Kuga 2019;https://auto.ria.com/newauto/auto-ford-kuga-1821786.html;24 936 $;707 634 грн;Запорожье
Ford Focus 2019;https://auto.ria.com/newauto/auto-ford-focus-1829318.html;22 226 $;630 720 грн;Запорожье
Ford Focus 2019;https://auto.ria.com/newauto/auto-ford-focus-1823866.html;20 195 $;573 078 грн;Ивано-Франковск
Ford Focus 2019;https://auto.ria.com/newauto/auto-ford-focus-1829367.html;23 238 $;659 457 грн;Ивано-Франковск
Ford Ranger 2019;https://auto.ria.com/newauto/auto-ford-ranger-1823898.html;30 864 $;875 859 грн;Ивано-Франковск
Ford Tourneo Custom 2019;https://auto.ria.com/newauto/auto-ford-tourneo-custom-1823929.html;43 357 $;1 230 390 грн;Ивано-Франковск
Ford Transit Custom 2019;https://auto.ria.com/newauto/auto-ford-transit-custom-1823909.html;35 256 $;1 000 489 грн;Ивано-Франковск
Ford Tourneo Connect пасс. 2019;https://auto.ria.com/newauto/auto-ford-tourneo-connect-pass-1823878.html;23 755 $;674 117 грн;Ивано-Франковск
Ford Focus 2019;https://auto.ria.com/newauto/auto-ford-focus-1796107.html;20 599 $;584 544 грн;Запорожье
Ford Tourneo Connect пасс. 2019;https://auto.ria.com/newauto/auto-ford-tourneo-connect-pass-1823880.html;25 302 $;718 018 грн;Ивано-Франковск
Ford Tourneo Custom 2019;https://auto.ria.com/newauto/auto-ford-tourneo-custom-1821346.html;43 357 $;1 230 390 грн;Запорожье
Ford KA 2019;https://auto.ria.com/newauto/auto-ford-ka-1796087.html;11 020 $;312 713 грн;Запорожье
Ford Kuga 2019;https://auto.ria.com/newauto/auto-ford-kuga-1831912.html;23 789 $;675 078 грн;Запорожье
Ford Focus 2019;https://auto.ria.com/newauto/auto-ford-focus-1796098.html;18 710 $;530 940 грн;Запорожье
Ford Kuga 2019;https://auto.ria.com/newauto/auto-ford-kuga-1796126.html;20 250 $;574 642 грн;Запорожье
Ford Transit Custom 2018;https://auto.ria.com/newauto/auto-ford-transit-custom-1796159.html;25 120 $;712 864 грн;Запорожье
Ford Transit груз. 2019;https://auto.ria.com/newauto/auto-ford-transit-gruz-1807335.html;34 133 $;968 636 грн;Запорожье
Ford Transit Custom 2019;https://auto.ria.com/newauto/auto-ford-transit-custom-1807329.html;35 256 $;1 000 489 грн;Запорожье
Ford KA 2019;https://auto.ria.com/newauto/auto-ford-ka-1799010.html;10 642 $;302 000 грн;Львов
Ford Transit Custom 2019;https://auto.ria.com/newauto/auto-ford-transit-custom-1823889.html;30 296 $;859 736 грн;Ивано-Франковск
Ford Kuga 2019;https://auto.ria.com/newauto/auto-ford-kuga-1823876.html;30 078 $;853 552 грн;Ивано-Франковск
Ford Tourneo Custom 2019;https://auto.ria.com/newauto/auto-ford-tourneo-custom-1796165.html;40 967 $;1 162 568 грн;Запорожье
Ford Kuga 2019;https://auto.ria.com/newauto/auto-ford-kuga-1823875.html;29 619 $;840 519 грн;Ивано-Франковск
Ford Transit груз. 2019;https://auto.ria.com/newauto/auto-ford-transit-gruz-1807334.html;32 160 $;912 643 грн;Запорожье
Ford Ranger 2019;https://auto.ria.com/newauto/auto-ford-ranger-1823900.html;38 184 $;1 083 586 грн;Ивано-Франковск
Ford Ranger 2019;https://auto.ria.com/newauto/auto-ford-ranger-1823901.html;40 067 $;1 137 007 грн;Ивано-Франковск
Ford Focus 2019;https://auto.ria.com/newauto/auto-ford-focus-1829366.html;23 240 $;659 513 грн;Ивано-Франковск
Ford Focus 2019;https://auto.ria.com/newauto/auto-ford-focus-1823142.html;19 115 $;542 434 грн;Запорожье
Ford Ranger 2019;https://auto.ria.com/newauto/auto-ford-ranger-1802006.html;30 864 $;875 859 грн;Запорожье
Ford Tourneo Connect пасс. 2019;https://auto.ria.com/newauto/auto-ford-tourneo-connect-pass-1796141.html;25 302 $;718 018 грн;Запорожье
Ford Transit пасс. 2019;https://auto.ria.com/newauto/auto-ford-transit-pass-1812278.html;36 886 $;1 046 741 грн;Запорожье
Ford Focus 2019;https://auto.ria.com/newauto/auto-ford-focus-1829319.html;23 240 $;659 513 грн;Запорожье
Ford Kuga 2019;https://auto.ria.com/newauto/auto-ford-kuga-1823871.html;20 250 $;574 642 грн;Ивано-Франковск
Ford Transit пасс. 2019;https://auto.ria.com/newauto/auto-ford-transit-pass-1812279.html;32 722 $;928 585 грн;Запорожье
Ford Mondeo 2019;https://auto.ria.com/newauto/auto-ford-mondeo-1812273.html;32 209 $;914 025 грн;Запорожье
Ford Ranger 2019;https://auto.ria.com/newauto/auto-ford-ranger-1823902.html;43 460 $;1 233 293 грн;Ивано-Франковск
Ford Ranger 2019;https://auto.ria.com/newauto/auto-ford-ranger-1823897.html;29 685 $;842 402 грн;Ивано-Франковск
Ford KA 2019;https://auto.ria.com/newauto/auto-ford-ka-1816964.html;11 276 $;320 000 грн;Запорожье
Ford Tourneo Connect пасс. 2019;https://auto.ria.com/newauto/auto-ford-tourneo-connect-pass-1823879.html;24 879 $;706 027 грн;Ивано-Франковск
Ford Mondeo 2019;https://auto.ria.com/newauto/auto-ford-mondeo-1812276.html;36 114 $;1 024 830 грн;Запорожье
Ford Tourneo Custom 2019;https://auto.ria.com/newauto/auto-ford-tourneo-custom-1796164.html;38 881 $;1 103 369 грн;Запорожье
Ford Transit Custom 2018;https://auto.ria.com/newauto/auto-ford-transit-custom-1796204.html;25 372 $;720 000 грн;Запорожье
Ford Fiesta 2019;https://auto.ria.com/newauto/auto-ford-fiesta-1823903.html;20 350 $;577 503 грн;Ивано-Франковск
Ford Ranger 2019;https://auto.ria.com/newauto/auto-ford-ranger-1802010.html;43 460 $;1 233 293 грн;Запорожье
Ford Tourneo Connect пасс. 2019;https://auto.ria.com/newauto/auto-ford-tourneo-connect-pass-1796140.html;24 879 $;706 027 грн;Запорожье
Ford Transit Custom 2018;https://auto.ria.com/newauto/auto-ford-transit-custom-1796231.html;34 979 $;992 639 грн;Запорожье
Ford Tourneo Custom 2019;https://auto.ria.com/newauto/auto-ford-tourneo-custom-1823893.html;42 619 $;1 209 426 грн;Ивано-Франковск
Ford Tourneo Courier 2019;https://auto.ria.com/newauto/auto-ford-tourneo-courier-1819105.html;16 711 $;474 235 грн;Запорожье
Ford Ranger 2019;https://auto.ria.com/newauto/auto-ford-ranger-1802009.html;40 067 $;1 137 007 грн;Запорожье
Ford Transit Custom 2019;https://auto.ria.com/newauto/auto-ford-transit-custom-1823910.html;32 226 $;914 518 грн;Ивано-Франковск
Ford Transit груз. 2020;https://auto.ria.com/newauto/auto-ford-transit-gruz-1822788.html;32 099 $;900 000 грн;Винница
Ford Tourneo Custom 2019;https://auto.ria.com/newauto/auto-ford-tourneo-custom-1823891.html;38 881 $;1 103 369 грн;Ивано-Франковск
Ford Focus 2019;https://auto.ria.com/newauto/auto-ford-focus-1823906.html;27 971 $;793 760 грн;Ивано-Франковск
Ford Kuga 2019;https://auto.ria.com/newauto/auto-ford-kuga-1823931.html;24 936 $;707 634 грн;Ивано-Франковск
Ford Mondeo 2019;https://auto.ria.com/newauto/auto-ford-mondeo-1812275.html;32 450 $;920 876 грн;Запорожье
Ford Tourneo Custom 2019;https://auto.ria.com/newauto/auto-ford-tourneo-custom-1823907.html;44 946 $;1 275 461 грн;Ивано-Франковск
Ford Transit Connect груз. 2019;https://auto.ria.com/newauto/auto-ford-transit-connect-gruz-1823932.html;18 770 $;532 652 грн;Ивано-Франковск
Ford Transit Custom 2019;https://auto.ria.com/newauto/auto-ford-transit-custom-1796162.html;29 164 $;827 610 грн;Запорожье
Ford Tourneo Custom 2019;https://auto.ria.com/newauto/auto-ford-tourneo-custom-1807328.html;45 684 $;1 296 425 грн;Запорожье
Ford Transit пасс. 2019;https://auto.ria.com/newauto/auto-ford-transit-pass-1796155.html;45 320 $;1 286 079 грн;Запорожье
Ford Focus 2019;https://auto.ria.com/newauto/auto-ford-focus-1803961.html;28 862 $;819 050 грн;Запорожье
Ford Focus 2019;https://auto.ria.com/newauto/auto-ford-focus-1823865.html;18 710 $;530 940 грн;Ивано-Франковск
Ford Kuga 2019;https://auto.ria.com/newauto/auto-ford-kuga-1822159.html;28 085 $;797 000 грн;Львов
Ford Transit пасс. 2019;https://auto.ria.com/newauto/auto-ford-transit-pass-1796152.html;42 393 $;1 203 013 грн;Запорожье
Ford Tourneo Connect пасс. 2019;https://auto.ria.com/newauto/auto-ford-tourneo-connect-pass-1822158.html;22 799 $;647 000 грн;Львов
Ford Focus 2019;https://auto.ria.com/newauto/auto-ford-focus-1807325.html;27 971 $;793 760 грн;Запорожье
Ford Transit пасс. 2019;https://auto.ria.com/newauto/auto-ford-transit-pass-1823885.html;42 393 $;1 203 013 грн;Ивано-Франковск
Ford Kuga 2019;https://auto.ria.com/newauto/auto-ford-kuga-1823874.html;26 729 $;758 524 грн;Ивано-Франковск
Ford Ranger 2019;https://auto.ria.com/newauto/auto-ford-ranger-1802007.html;32 399 $;919 419 грн;Запорожье
Ford Focus 2019;https://auto.ria.com/newauto/auto-ford-focus-1823868.html;21 626 $;613 703 грн;Ивано-Франковск
Ford Edge 2019;https://auto.ria.com/newauto/auto-ford-edge-1823877.html;45 519 $;1 291 736 грн;Ивано-Франковск
Ford Ranger 2019;https://auto.ria.com/newauto/auto-ford-ranger-1823899.html;32 399 $;919 419 грн;Ивано-Франковск
Ford Tourneo Connect пасс. 2019;https://auto.ria.com/newauto/auto-ford-tourneo-connect-pass-1822757.html;23 071 $;654 706 грн;Запорожье
Ford KA 2019;https://auto.ria.com/newauto/auto-ford-ka-1816965.html;11 599 $;329 160 грн;Запорожье
Ford Transit Custom 2019;https://auto.ria.com/newauto/auto-ford-transit-custom-1796163.html;30 296 $;859 736 грн;Запорожье
Ford Focus 2019;https://auto.ria.com/newauto/auto-ford-focus-1823905.html;28 862 $;819 050 грн;Ивано-Франковск
Ford Focus 2019;https://auto.ria.com/newauto/auto-ford-focus-1823869.html;22 255 $;631 561 грн;Ивано-Франковск
Ford Transit Connect груз. 2019;https://auto.ria.com/newauto/auto-ford-transit-connect-gruz-1822181.html;18 770 $;532 652 грн;Запорожье
Ford Transit Custom 2019;https://auto.ria.com/newauto/auto-ford-transit-custom-1823888.html;29 164 $;827 610 грн;Ивано-Франковск
Ford Kuga 2019;https://auto.ria.com/newauto/auto-ford-kuga-1796130.html;29 619 $;840 519 грн;Запорожье
Ford Transit Connect груз. 2019;https://auto.ria.com/newauto/auto-ford-transit-connect-gruz-1796144.html;19 454 $;552 063 грн;Запорожье
Ford Focus 2019;https://auto.ria.com/newauto/auto-ford-focus-1823939.html;17 803 $;505 222 грн;Ивано-Франковск
Ford Kuga 2019;https://auto.ria.com/newauto/auto-ford-kuga-1830661.html;26 729 $;758 524 грн;Запорожье
Ford Mondeo 2019;https://auto.ria.com/newauto/auto-ford-mondeo-1812271.html;28 768 $;816 365 грн;Запорожье
Ford Tourneo Connect пасс. 2019;https://auto.ria.com/newauto/auto-ford-tourneo-connect-pass-1823934.html;24 196 $;686 644 грн;Ивано-Франковск
Ford Ranger 2019;https://auto.ria.com/newauto/auto-ford-ranger-1822157.html;36 895 $;1 047 000 грн;Львов
Ford Tourneo Connect пасс. 2019;https://auto.ria.com/newauto/auto-ford-tourneo-connect-pass-1823933.html;23 071 $;654 706 грн;Ивано-Франковск
Ford Ranger 2019;https://auto.ria.com/newauto/auto-ford-ranger-1802005.html;29 685 $;842 402 грн;Запорожье
Ford Transit пасс. 2019;https://auto.ria.com/newauto/auto-ford-transit-pass-1810414.html;34 589 $;980 000 грн;Винница
Ford Tourneo Connect пасс. 2019;https://auto.ria.com/newauto/auto-ford-tourneo-connect-pass-1796139.html;23 755 $;674 117 грн;Запорожье
Ford Focus 2019;https://auto.ria.com/newauto/auto-ford-focus-1823938.html;19 115 $;542 434 грн;Ивано-Франковск
Ford Tourneo Custom 2019;https://auto.ria.com/newauto/auto-ford-tourneo-custom-1823892.html;40 967 $;1 162 568 грн;Ивано-Франковск
Ford Tourneo Connect пасс. 2019;https://auto.ria.com/newauto/auto-ford-tourneo-connect-pass-1805749.html;23 755 $;674 117 грн;Полтава
Ford Tourneo Custom 2019;https://auto.ria.com/newauto/auto-ford-tourneo-custom-1805793.html;45 682 $;1 296 425 грн;Полтава
Ford Tourneo Connect пасс. 2019;https://auto.ria.com/newauto/auto-ford-tourneo-connect-pass-1805750.html;24 878 $;706 027 грн;Полтава
Ford Tourneo Custom 2019;https://auto.ria.com/newauto/auto-ford-tourneo-custom-1805790.html;42 617 $;1 209 426 грн;Полтава
Ford Transit груз. 2019;https://auto.ria.com/newauto/auto-ford-transit-gruz-1805799.html;32 159 $;912 643 грн;Полтава
Ford Ranger 2019;https://auto.ria.com/newauto/auto-ford-ranger-1805777.html;30 863 $;875 859 грн;Полтава
Ford Transit груз. 2019;https://auto.ria.com/newauto/auto-ford-transit-gruz-1823912.html;34 295 $;968 636 грн;Ивано-Франковск
Ford Focus 2019;https://auto.ria.com/newauto/auto-ford-focus-1830474.html;23 237 $;659 457 грн;Полтава
Ford Ranger 2019;https://auto.ria.com/newauto/auto-ford-ranger-1805780.html;40 065 $;1 137 007 грн;Полтава
Ford Ranger 2019;https://auto.ria.com/newauto/auto-ford-ranger-1805778.html;32 398 $;919 419 грн;Полтава
Ford Transit груз. 2019;https://auto.ria.com/newauto/auto-ford-transit-gruz-1805801.html;38 129 $;1 082 073 грн;Полтава
Ford Tourneo Custom 2019;https://auto.ria.com/newauto/auto-ford-tourneo-custom-1831477.html;41 227 $;1 155 934 грн;Киев
Ford Transit груз. 2019;https://auto.ria.com/newauto/auto-ford-transit-gruz-1823911.html;32 313 $;912 643 грн;Ивано-Франковск
Ford Tourneo Custom 2019;https://auto.ria.com/newauto/auto-ford-tourneo-custom-1805792.html;43 355 $;1 230 390 грн;Полтава
Ford KA 2019;https://auto.ria.com/newauto/auto-ford-ka-1823859.html;11 019 $;312 713 грн;Ивано-Франковск
Ford Kuga 2019;https://auto.ria.com/newauto/auto-ford-kuga-1805743.html;30 077 $;853 552 грн;Полтава
Ford Ranger 2019;https://auto.ria.com/newauto/auto-ford-ranger-1805779.html;38 183 $;1 083 586 грн;Полтава
Ford Focus 2019;https://auto.ria.com/newauto/auto-ford-focus-1805728.html;22 254 $;631 561 грн;Полтава
Ford Focus 2019;https://auto.ria.com/newauto/auto-ford-focus-1805788.html;27 970 $;793 760 грн;Полтава
Ford Transit Connect груз. 2019;https://auto.ria.com/newauto/auto-ford-transit-connect-gruz-1805753.html;19 453 $;552 063 грн;Полтава
Ford KA 2019;https://auto.ria.com/newauto/auto-ford-ka-1801386.html;10 130 $;278 600 грн;Львов
Ford Fiesta 2019;https://auto.ria.com/newauto/auto-ford-fiesta-1831855.html;13 511 $;381 603 грн;Киев
Ford Focus 2019;https://auto.ria.com/newauto/auto-ford-focus-1830472.html;22 226 $;630 720 грн;Полтава
Ford Transit Custom 2019;https://auto.ria.com/newauto/auto-ford-transit-custom-1807332.html;32 225 $;914 518 грн;Запорожье
Ford Focus 2019;https://auto.ria.com/newauto/auto-ford-focus-1805723.html;21 626 $;613 703 грн;Полтава
Ford Transit груз. 2019;https://auto.ria.com/newauto/auto-ford-transit-gruz-1805800.html;34 133 $;968 636 грн;Полтава
Ford Transit Custom 2019;https://auto.ria.com/newauto/auto-ford-transit-custom-1757610.html;29 164 $;827 610 грн;Полтава
Ford Transit пасс. 2019;https://auto.ria.com/newauto/auto-ford-transit-pass-1820382.html;37 061 $;1 046 741 грн;Полтава
Ford Focus 2019;https://auto.ria.com/newauto/auto-ford-focus-1792176.html;16 763 $;470 000 грн;Винница
Ford Focus 2019;https://auto.ria.com/newauto/auto-ford-focus-1830473.html;23 239 $;659 513 грн;Полтава
Ford Focus 2019;https://auto.ria.com/newauto/auto-ford-focus-1805720.html;20 598 $;584 544 грн;Полтава
Ford Tourneo Connect пасс. 2019;https://auto.ria.com/newauto/auto-ford-tourneo-connect-pass-1805751.html;25 301 $;718 018 грн;Полтава
Ford Kuga 2019;https://auto.ria.com/newauto/auto-ford-kuga-1805741.html;26 729 $;758 524 грн;Полтава
Ford Focus 2019;https://auto.ria.com/newauto/auto-ford-focus-1805729.html;19 115 $;542 434 грн;Полтава
Ford Mondeo 2019;https://auto.ria.com/newauto/auto-ford-mondeo-1757583.html;32 208 $;914 025 грн;Полтава
Ford Transit груз. 2019;https://auto.ria.com/newauto/auto-ford-transit-gruz-1823913.html;38 311 $;1 082 073 грн;Ивано-Франковск
Ford F-150 2020;https://auto.ria.com/newauto/auto-ford-f-150-1814256.html;115 000 $;3 248 072 грн;Одесса
Ford Ranger 2019;https://auto.ria.com/newauto/auto-ford-ranger-1805776.html;29 684 $;842 402 грн;Полтава
Ford Mondeo 2019;https://auto.ria.com/newauto/auto-ford-mondeo-1805735.html;36 112 $;1 024 830 грн;Полтава
Ford Mondeo 2019;https://auto.ria.com/newauto/auto-ford-mondeo-1805734.html;32 449 $;920 876 грн;Полтава
Ford Kuga 2019;https://auto.ria.com/newauto/auto-ford-kuga-1805742.html;29 618 $;840 519 грн;Полтава
Ford Transit пасс. 2019;https://auto.ria.com/newauto/auto-ford-transit-pass-1820383.html;32 877 $;928 585 грн;Полтава
Ford Tourneo Courier 2019;https://auto.ria.com/newauto/auto-ford-tourneo-courier-1820388.html;16 711 $;474 235 грн;Полтава
Ford Tourneo Custom 2019;https://auto.ria.com/newauto/auto-ford-tourneo-custom-1807327.html;29 246 $;820 000 грн;Запорожье
Ford Transit Custom 2019;https://auto.ria.com/newauto/auto-ford-transit-custom-1757612.html;30 295 $;859 736 грн;Полтава
Ford Mondeo 2019;https://auto.ria.com/newauto/auto-ford-mondeo-1805732.html;28 766 $;816 365 грн;Полтава
Ford Focus 2019;https://auto.ria.com/newauto/auto-ford-focus-1805787.html;28 861 $;819 050 грн;Полтава
Ford Kuga 2019;https://auto.ria.com/newauto/auto-ford-kuga-1821811.html;24 935 $;707 634 грн;Полтава
Ford Focus 2019;https://auto.ria.com/newauto/auto-ford-focus-1831848.html;25 631 $;727 390 грн;Киев
Ford Mondeo 2019;https://auto.ria.com/newauto/auto-ford-mondeo-1823920.html;32 449 $;920 876 грн;Ивано-Франковск
Ford Transit Custom 2019;https://auto.ria.com/newauto/auto-ford-transit-custom-1805766.html;32 225 $;914 518 грн;Полтава
Ford Fiesta 2019;https://auto.ria.com/newauto/auto-ford-fiesta-1805782.html;20 350 $;577 503 грн;Полтава
Ford Transit Connect груз. 2019;https://auto.ria.com/newauto/auto-ford-transit-connect-gruz-1706307.html;17 824 $;505 000 грн;Львов
Ford Focus 2019;https://auto.ria.com/newauto/auto-ford-focus-1805714.html;18 195 $;516 356 грн;Полтава
Ford Transit Custom 2019;https://auto.ria.com/newauto/auto-ford-transit-custom-1757615.html;35 254 $;1 000 489 грн;Полтава
Ford Kuga 2019;https://auto.ria.com/newauto/auto-ford-kuga-1805738.html;43 563 $;574 642 грн;Полтава
Ford Transit Custom 2019;https://auto.ria.com/newauto/auto-ford-transit-custom-1826255.html;30 984 $;868 750 грн;Полтава
Ford KA 2019;https://auto.ria.com/newauto/auto-ford-ka-1805703.html;11 854 $;336 417 грн;Полтава
Ford Transit груз. 2019;https://auto.ria.com/newauto/auto-ford-transit-gruz-1808155.html;38 119 $;1 080 000 грн;Винница
Ford Kuga 2019;https://auto.ria.com/newauto/auto-ford-kuga-1826266.html;29 969 $;794 051 грн;Полтава
Ford Tourneo Connect пасс. 2019;https://auto.ria.com/newauto/auto-ford-tourneo-connect-pass-1778736.html;25 060 $;710 000 грн;Винница
Ford Kuga 2019;https://auto.ria.com/newauto/auto-ford-kuga-1821224.html;29 422 $;834 956 грн;Полтава
Ford Transit пасс. 2019;https://auto.ria.com/newauto/auto-ford-transit-pass-1810135.html;56 472 $;1 600 000 грн;Винница
Ford Mondeo 2019;https://auto.ria.com/newauto/auto-ford-mondeo-1759245.html;25 628 $;727 300 грн;Львов
Ford Tourneo Connect пасс. 2019;https://auto.ria.com/newauto/auto-ford-tourneo-connect-pass-1794251.html;24 354 $;690 000 грн;Винница
Ford Kuga 2019;https://auto.ria.com/newauto/auto-ford-kuga-1826268.html;27 082 $;744 853 грн;Полтава
Ford Ranger 2019;https://auto.ria.com/newauto/auto-ford-ranger-1706297.html;26 767 $;750 500 грн;Львов
Ford Kuga 2019;https://auto.ria.com/newauto/auto-ford-kuga-1821221.html;21 465 $;601 853 грн;Полтава
Ford Mondeo 2019;https://auto.ria.com/newauto/auto-ford-mondeo-1736924.html;28 314 $;802 200 грн;Львов
Ford Focus 2019;https://auto.ria.com/newauto/auto-ford-focus-1823940.html;18 282 $;516 356 грн;Ивано-Франковск
Ford Transit груз. 2019;https://auto.ria.com/newauto/auto-ford-transit-gruz-1823926.html;31 097 $;878 309 грн;Ивано-Франковск
Ford Transit Custom 2019;https://auto.ria.com/newauto/auto-ford-transit-custom-1831829.html;25 597 $;726 381 грн;Киев
Ford Transit Custom 2019;https://auto.ria.com/newauto/auto-ford-transit-custom-1831828.html;26 590 $;754 578 грн;Киев
Ford Transit Custom 2018;https://auto.ria.com/newauto/auto-ford-transit-custom-1831830.html;25 646 $;727 789 грн;Киев
Ford Transit Connect груз. 2019;https://auto.ria.com/newauto/auto-ford-transit-connect-gruz-1831844.html;20 288 $;575 737 грн;Киев
Ford Transit груз. 2019;https://auto.ria.com/newauto/auto-ford-transit-gruz-1819103.html;30 950 $;878 309 грн;Запорожье
Ford Transit Connect груз. 2019;https://auto.ria.com/newauto/auto-ford-transit-connect-gruz-1819104.html;21 140 $;599 914 грн;Запорожье
Ford Transit Connect груз. 2019;https://auto.ria.com/newauto/auto-ford-transit-connect-gruz-1823927.html;21 140 $;599 914 грн;Ивано-Франковск
Ford Transit Connect груз. 2019;https://auto.ria.com/newauto/auto-ford-transit-connect-gruz-1820387.html;21 139 $;599 914 грн;Полтава
Ford Transit груз. 2019;https://auto.ria.com/newauto/auto-ford-transit-gruz-1820384.html;30 949 $;878 309 грн;Полтава
Ford Transit Connect груз. 2019;https://auto.ria.com/newauto/auto-ford-transit-connect-gruz-1824680.html;18 769 $;532 652 грн;Полтава
Ford Tourneo Custom 2019;https://auto.ria.com/newauto/auto-ford-tourneo-custom-1717224.html;36 557 $;1 035 740 грн;Львов
Ford Transit пасс. 2019;https://auto.ria.com/newauto/auto-ford-transit-pass-1812235.html;60 002 $;1 700 000 грн;Винница
Ford Kuga 2019;https://auto.ria.com/newauto/auto-ford-kuga-1813611.html;27 085 $;765 000 грн;Днепр (Днепропетровск)
Ford Kuga 2019;https://auto.ria.com/newauto/auto-ford-kuga-1822645.html;25 704 $;726 000 грн;Днепр (Днепропетровск)
Ford Kuga 2019;https://auto.ria.com/newauto/auto-ford-kuga-1819832.html;20 080 $;563 000 грн;Харьков
Ford Tourneo Connect пасс. 2019;https://auto.ria.com/newauto/auto-ford-tourneo-connect-pass-1826595.html;23 071 $;654 706 грн;Киев
Ford Ranger 2019;https://auto.ria.com/newauto/auto-ford-ranger-1813612.html;40 550 $;1 150 711 грн;Киев
Ford Focus 2019;https://auto.ria.com/newauto/auto-ford-focus-1814996.html;17 654 $;495 000 грн;Днепр (Днепропетровск)
Ford KA 2019;https://auto.ria.com/newauto/auto-ford-ka-1828428.html;10 878 $;305 000 грн;Харьков
Ford Kuga 2019;https://auto.ria.com/newauto/auto-ford-kuga-1824627.html;24 074 $;675 000 грн;Харьков
Ford KA 2019;https://auto.ria.com/newauto/auto-ford-ka-1812877.html;11 153 $;312 713 грн;Киев
Ford Kuga 2018;https://auto.ria.com/newauto/auto-ford-kuga-1811367.html;25 969 $;670 000 грн;Днепр (Днепропетровск)
Ford Tourneo Custom 2019;https://auto.ria.com/newauto/auto-ford-tourneo-custom-1819318.html;40 524 $;1 050 000 грн;Харьков
Ford Kuga 2019;https://auto.ria.com/newauto/auto-ford-kuga-1817153.html;28 915 $;746 000 грн;Днепр (Днепропетровск)
Ford Tourneo Custom 2020;https://auto.ria.com/newauto/auto-ford-tourneo-custom-1831914.html;47 152 $;1 338 080 грн;Киев
Ford Focus 2019;https://auto.ria.com/newauto/auto-ford-focus-1799461.html;17 901 $;508 000 грн;Краматорск
Ford Mustang Mach-E 2020;https://auto.ria.com/newauto/auto-ford-mustang-mach-e-1819241.html;79 240 $;2 248 657 грн;Киев
Ford Tourneo Connect пасс. 2019;https://auto.ria.com/newauto/auto-ford-tourneo-connect-pass-1817132.html;24 225 $;625 000 грн;Днепр (Днепропетровск)
Ford Mondeo 2019;https://auto.ria.com/newauto/auto-ford-mondeo-1829294.html;32 209 $;914 025 грн;Киев
Ford Kuga 2019;https://auto.ria.com/newauto/auto-ford-kuga-1819822.html;26 253 $;745 000 грн;Харьков
Ford Fiesta 2019;https://auto.ria.com/newauto/auto-ford-fiesta-1762084.html;14 659 $;416 000 грн;Краматорск
Ford Tourneo Courier 2019;https://auto.ria.com/newauto/auto-ford-tourneo-courier-1833750.html;16 767 $;475 802 грн;Киев
Ford KA 2019;https://auto.ria.com/newauto/auto-ford-ka-1821593.html;10 976 $;310 000 грн;Харьков
Ford Kuga 2019;https://auto.ria.com/newauto/auto-ford-kuga-1830739.html;30 575 $;867 648 грн;Киев
Ford Focus 2019;https://auto.ria.com/newauto/auto-ford-focus-1824620.html;18 148 $;515 000 грн;Харьков
Ford Focus 2019;https://auto.ria.com/newauto/auto-ford-focus-1817146.html;20 272 $;523 000 грн;Днепр (Днепропетровск)
Ford Kuga 2019;https://auto.ria.com/newauto/auto-ford-kuga-1817151.html;22 287 $;575 000 грн;Днепр (Днепропетровск)
Ford Transit груз. 2019;https://auto.ria.com/newauto/auto-ford-transit-gruz-1783555.html;36 472 $;1 035 000 грн;Краматорск
Ford Ranger 2019;https://auto.ria.com/newauto/auto-ford-ranger-1823638.html;28 720 $;815 000 грн;Харьков
Ford Kuga 2019;https://auto.ria.com/newauto/auto-ford-kuga-1819343.html;27 839 $;790 000 грн;Харьков
Ford Ranger 2019;https://auto.ria.com/newauto/auto-ford-ranger-1816841.html;31 783 $;820 000 грн;Днепр (Днепропетровск)
Ford Mondeo 2019;https://auto.ria.com/newauto/auto-ford-mondeo-1829295.html;32 450 $;920 876 грн;Киев
Ford Kuga 2019;https://auto.ria.com/newauto/auto-ford-kuga-1823633.html;29 741 $;787 000 грн;Харьков
Ford Kuga 2019;https://auto.ria.com/newauto/auto-ford-kuga-1811312.html;20 121 $;571 000 грн;Краматорск
Ford KA 2019;https://auto.ria.com/newauto/auto-ford-ka-1825120.html;12 007 $;340 739 грн;Киев
Ford Tourneo Custom 2019;https://auto.ria.com/newauto/auto-ford-tourneo-custom-1827362.html;36 985 $;1 028 056 грн;Тернополь
Ford KA 2019;https://auto.ria.com/newauto/auto-ford-ka-1819824.html;11 249 $;309 000 грн;Харьков
Ford Tourneo Custom 2019;https://auto.ria.com/newauto/auto-ford-tourneo-custom-1815657.html;38 881 $;1 103 369 грн;Киев
Ford Kuga 2019;https://auto.ria.com/newauto/auto-ford-kuga-1830858.html;28 235 $;772 847 грн;Киев
Ford KA 2019;https://auto.ria.com/newauto/auto-ford-ka-1826625.html;11 428 $;324 292 грн;Киев
Ford Ranger 2019;https://auto.ria.com/newauto/auto-ford-ranger-1831718.html;38 410 $;1 090 000 грн;Харьков
Ford Tourneo Custom 2019;https://auto.ria.com/newauto/auto-ford-tourneo-custom-1832299.html;40 172 $;1 140 000 грн;Харьков
Ford Kuga 2019;https://auto.ria.com/newauto/auto-ford-kuga-1812878.html;24 808 $;704 000 грн;Краматорск
Ford Transit Custom 2020;https://auto.ria.com/newauto/auto-ford-transit-custom-1819684.html;35 256 $;1 000 489 грн;Киев
Ford Kuga 2019;https://auto.ria.com/newauto/auto-ford-kuga-1812875.html;20 250 $;574 642 грн;Киев
Ford Mondeo 2019;https://auto.ria.com/newauto/auto-ford-mondeo-1819152.html;23 946 $;679 544 грн;Киев
Ford Kuga 2019;https://auto.ria.com/newauto/auto-ford-kuga-1817149.html;21 900 $;565 000 грн;Днепр (Днепропетровск)
Ford Transit пасс. 2019;https://auto.ria.com/newauto/auto-ford-transit-pass-1833740.html;32 235 $;914 771 грн;Киев
Ford Ranger 2019;https://auto.ria.com/newauto/auto-ford-ranger-1820046.html;30 864 $;875 859 грн;Киев
Ford KA 2019;https://auto.ria.com/newauto/auto-ford-ka-1831916.html;32 550 $;331 579 грн;Киев
Ford Mustang Mach-E 2021;https://auto.ria.com/newauto/auto-ford-mustang-mach-e-1829970.html;99 999 $;2 837 762 грн;Киев
Ford KA 2019;https://auto.ria.com/newauto/auto-ford-ka-1819825.html;10 696 $;299 900 грн;Харьков
Ford Focus 2019;https://auto.ria.com/newauto/auto-ford-focus-1817148.html;22 287 $;575 000 грн;Днепр (Днепропетровск)
Ford F-150 2020;https://auto.ria.com/newauto/auto-ford-f-150-1637858.html;90 000 $;2 549 916 грн;Киев
Ford KA 2019;https://auto.ria.com/newauto/auto-ford-ka-1817147.html;12 791 $;330 000 грн;Днепр (Днепропетровск)
Ford Kuga 2019;https://auto.ria.com/newauto/auto-ford-kuga-1699490.html;27 707 $;785 000 грн;Краматорск
Ford Fiesta 2019;https://auto.ria.com/newauto/auto-ford-fiesta-1832837.html;15 507 $;434 784 грн;Киев
Ford Kuga 2018;https://auto.ria.com/newauto/auto-ford-kuga-1832928.html;23 182 $;650 000 грн;Днепр (Днепропетровск)
Ford Tourneo Courier 2019;https://auto.ria.com/newauto/auto-ford-tourneo-courier-1821713.html;15 681 $;445 000 грн;Харьков
Ford KA 2019;https://auto.ria.com/newauto/auto-ford-ka-1811309.html;10 586 $;299 000 грн;Краматорск
Ford Kuga 2019;https://auto.ria.com/newauto/auto-ford-kuga-1832291.html;21 001 $;573 000 грн;Харьков
Ford Focus 2019;https://auto.ria.com/newauto/auto-ford-focus-1797818.html;15 835 $;444 000 грн;Краматорск
Ford Kuga 2019;https://auto.ria.com/newauto/auto-ford-kuga-1827344.html;23 209 $;650 750 грн;Тернополь
Ford Mondeo 2019;https://auto.ria.com/newauto/auto-ford-mondeo-1811363.html;31 202 $;805 000 грн;Днепр (Днепропетровск)
Ford Transit пасс. 2019;https://auto.ria.com/newauto/auto-ford-transit-pass-1717625.html;43 413 $;1 230 000 грн;Краматорск
Ford Mondeo 2017;https://auto.ria.com/newauto/auto-ford-mondeo-1832929.html;25 492 $;720 000 грн;Днепр (Днепропетровск)
Ford Focus 2019;https://auto.ria.com/newauto/auto-ford-focus-1812951.html;20 290 $;573 078 грн;Киев
Ford Expedition 2020;https://auto.ria.com/newauto/auto-ford-expedition-1636823.html;109 500 $;3 070 216 грн;Киев
Ford Trucks 2020;https://auto.ria.com/newauto/auto-ford-trucks-1793418.html;87 448 $;2 481 598 грн;Киев
Ford Trucks 2020;https://auto.ria.com/newauto/auto-ford-trucks-1793422.html;116 671 $;3 310 868 грн;Киев
Ford Transit Connect груз. 2019;https://auto.ria.com/newauto/auto-ford-transit-connect-gruz-1819834.html;17 796 $;505 000 грн;Харьков
Ford Transit Custom 2019;https://auto.ria.com/newauto/auto-ford-transit-custom-1819835.html;31 362 $;890 000 грн;Харьков
Ford Transit груз. 2019;https://auto.ria.com/newauto/auto-ford-transit-gruz-1819294.html;28 720 $;815 000 грн;Харьков
Ford Trucks F-Max 2020;https://auto.ria.com/newauto/auto-ford-trucks-f-max-1793910.html;83 070 $;2 357 363 грн;Киев
Ford Transit пасс. 2019;https://auto.ria.com/newauto/auto-ford-transit-pass-1824881.html;42 876 $;1 216 717 грн;Киев
Ford Transit пасс. 2019;https://auto.ria.com/newauto/auto-ford-transit-pass-1824879.html;45 320 $;1 286 079 грн;Киев
Ford Transit пасс. 2019;https://auto.ria.com/newauto/auto-ford-transit-pass-1824168.html;39 996 $;1 099 000 грн;Харьков
Ford Transit пасс. 2019;https://auto.ria.com/newauto/auto-ford-transit-pass-1816835.html;41 473 $;1 070 000 грн;Днепр (Днепропетровск)
Ford Transit пасс. 2019;https://auto.ria.com/newauto/auto-ford-transit-pass-1816836.html;44 574 $;1 150 000 грн;Днепр (Днепропетровск)
Ford Tourneo Custom 2019;https://auto.ria.com/newauto/auto-ford-tourneo-custom-1807510.html;42 820 $;1 209 426 грн;Днепр (Днепропетровск)
Ford Kuga 2019;https://auto.ria.com/newauto/auto-ford-kuga-1821533.html;25 054 $;707 634 грн;Днепр (Днепропетровск)
Ford Focus 2019;https://auto.ria.com/newauto/auto-ford-focus-1829375.html;23 348 $;659 457 грн;Днепр (Днепропетровск)
Ford Tourneo Connect пасс. 2019;https://auto.ria.com/newauto/auto-ford-tourneo-connect-pass-1792144.html;25 422 $;718 018 грн;Днепр (Днепропетровск)
Ford Transit пасс. 2019;https://auto.ria.com/newauto/auto-ford-transit-pass-1821528.html;37 061 $;1 046 741 грн;Днепр (Днепропетровск)
Ford Kuga 2019;https://auto.ria.com/newauto/auto-ford-kuga-1746312.html;20 346 $;574 642 грн;Днепр (Днепропетровск)
Ford Focus 2019;https://auto.ria.com/newauto/auto-ford-focus-1792138.html;22 361 $;631 561 грн;Днепр (Днепропетровск)
Ford F-150 2020;https://auto.ria.com/newauto/auto-ford-f-150-1640831.html;113 085 $;3 170 731 грн;Киев
Ford Kuga 2019;https://auto.ria.com/newauto/auto-ford-kuga-1831446.html;20 429 $;577 000 грн;Днепр (Днепропетровск)
Ford Mustang 2018;https://auto.ria.com/newauto/auto-ford-mustang-995693.html;58 700 $;1 663 112 грн;Киев
Ford Kuga 2019;https://auto.ria.com/newauto/auto-ford-kuga-1827448.html;31 171 $;874 000 грн;Днепр (Днепропетровск)
Ford Kuga 2019;https://auto.ria.com/newauto/auto-ford-kuga-1792143.html;17 979 $;504 102 грн;Днепр (Днепропетровск)
Ford KA 2019;https://auto.ria.com/newauto/auto-ford-ka-1792918.html;11 911 $;336 417 грн;Днепр (Днепропетровск)
Ford KA 2019;https://auto.ria.com/newauto/auto-ford-ka-1815247.html;12 180 $;344 000 грн;Днепр (Днепропетровск)
Ford Edge 2019;https://auto.ria.com/newauto/auto-ford-edge-1798391.html;45 735 $;1 291 736 грн;Днепр (Днепропетровск)
Ford Mustang 2020;https://auto.ria.com/newauto/auto-ford-mustang-1819214.html;99 300 $;2 817 925 грн;Киев
Ford Kuga 2019;https://auto.ria.com/newauto/auto-ford-kuga-1824920.html;28 190 $;799 959 грн;Чернигов
Ford Mustang Mach-E 2020;https://auto.ria.com/newauto/auto-ford-mustang-mach-e-1820456.html;99 999 $;2 837 762 грн;Киев
Ford Tourneo Custom 2019;https://auto.ria.com/newauto/auto-ford-tourneo-custom-1817130.html;43 993 $;1 135 000 грн;Днепр (Днепропетровск)
Ford KA 2019;https://auto.ria.com/newauto/auto-ford-ka-1792916.html;11 330 $;320 000 грн;Днепр (Днепропетровск)
Ford Tourneo Connect пасс. 2019;https://auto.ria.com/newauto/auto-ford-tourneo-connect-pass-1827355.html;22 374 $;634 940 грн;Тернополь
Ford Tourneo Connect пасс. 2019;https://auto.ria.com/newauto/auto-ford-tourneo-connect-pass-1824682.html;24 196 $;686 644 грн;Полтава
Ford Ranger 2019;https://auto.ria.com/newauto/auto-ford-ranger-1814997.html;32 553 $;919 419 грн;Днепр (Днепропетровск)
Ford Ranger 2019;https://auto.ria.com/newauto/auto-ford-ranger-1817112.html;42 636 $;1 100 000 грн;Днепр (Днепропетровск)
Ford KA 2019;https://auto.ria.com/newauto/auto-ford-ka-1792917.html;11 654 $;329 160 грн;Днепр (Днепропетровск)
Ford Transit Custom 2019;https://auto.ria.com/newauto/auto-ford-transit-custom-1817271.html;31 590 $;815 000 грн;Днепр (Днепропетровск)
Ford Focus 2019;https://auto.ria.com/newauto/auto-ford-focus-1805711.html;18 710 $;530 940 грн;Полтава
Ford Ranger 2019;https://auto.ria.com/newauto/auto-ford-ranger-1826256.html;33 542 $;951 859 грн;Полтава
Ford Focus 2019;https://auto.ria.com/newauto/auto-ford-focus-1824605.html;17 020 $;483 000 грн;Краматорск
Ford KA 2019;https://auto.ria.com/newauto/auto-ford-ka-1825586.html;10 232 $;289 000 грн;Чернигов
Ford Kuga 2019;https://auto.ria.com/newauto/auto-ford-kuga-1795742.html;27 053 $;758 524 грн;Днепр (Днепропетровск)
Ford KA 2019;https://auto.ria.com/newauto/auto-ford-ka-1802365.html;11 484 $;322 000 грн;Краматорск
Ford Focus 2019;https://auto.ria.com/newauto/auto-ford-focus-1805719.html;20 195 $;573 078 грн;Полтава
Ford Tourneo Custom 2019;https://auto.ria.com/newauto/auto-ford-tourneo-custom-1762082.html;37 423 $;1 062 000 грн;Краматорск
Ford Ranger 2019;https://auto.ria.com/newauto/auto-ford-ranger-1826259.html;31 689 $;899 276 грн;Полтава
Ford Kuga 2019;https://auto.ria.com/newauto/auto-ford-kuga-1828942.html;18 594 $;527 650 грн;Тернополь
Ford Ranger 2019;https://auto.ria.com/newauto/auto-ford-ranger-1805781.html;43 460 $;1 233 293 грн;Полтава
Ford Tourneo Custom 2019;https://auto.ria.com/newauto/auto-ford-tourneo-custom-1805772.html;40 967 $;1 162 568 грн;Полтава
Ford Ranger 2019;https://auto.ria.com/newauto/auto-ford-ranger-1825676.html;31 469 $;893 022 грн;Чернигов
Ford Ranger 2019;https://auto.ria.com/newauto/auto-ford-ranger-1817123.html;39 148 $;1 010 000 грн;Днепр (Днепропетровск)
Ford Tourneo Custom 2019;https://auto.ria.com/newauto/auto-ford-tourneo-custom-1805791.html;44 946 $;1 275 461 грн;Полтава
Ford Transit Connect груз. 2019;https://auto.ria.com/newauto/auto-ford-transit-connect-gruz-1817258.html;21 125 $;545 000 грн;Днепр (Днепропетровск)
Ford Focus 2019;https://auto.ria.com/newauto/auto-ford-focus-1792129.html;17 888 $;505 222 грн;Днепр (Днепропетровск)
Ford F-150 2020;https://auto.ria.com/newauto/auto-ford-f-150-1637853.html;119 900 $;3 386 468 грн;Киев
Ford Transit пасс. 2019;https://auto.ria.com/newauto/auto-ford-transit-pass-1805802.html;42 393 $;1 203 013 грн;Полтава
Ford KA 2019;https://auto.ria.com/newauto/auto-ford-ka-1805700.html;11 020 $;312 713 грн;Полтава
Ford Edge 2019;https://auto.ria.com/newauto/auto-ford-edge-1811662.html;48 024 $;1 239 000 грн;Днепр (Днепропетровск)
Ford Transit груз. 2019;https://auto.ria.com/newauto/auto-ford-transit-gruz-1817269.html;31 396 $;810 000 грн;Днепр (Днепропетровск)
Ford Ranger 2019;https://auto.ria.com/newauto/auto-ford-ranger-1826263.html;38 986 $;1 106 346 грн;Полтава
Ford Tourneo Custom 2019;https://auto.ria.com/newauto/auto-ford-tourneo-custom-1807511.html;45 158 $;1 275 461 грн;Днепр (Днепропетровск)
Ford Tourneo Custom 2019;https://auto.ria.com/newauto/auto-ford-tourneo-custom-1792147.html;39 065 $;1 103 369 грн;Днепр (Днепропетровск)
Ford Tourneo Custom 2019;https://auto.ria.com/newauto/auto-ford-tourneo-custom-1807513.html;45 901 $;1 296 425 грн;Днепр (Днепропетровск)
Ford Ranger 2019;https://auto.ria.com/newauto/auto-ford-ranger-1802030.html;40 256 $;1 137 007 грн;Днепр (Днепропетровск)
Ford Tourneo Custom 2019;https://auto.ria.com/newauto/auto-ford-tourneo-custom-1807512.html;43 563 $;1 230 390 грн;Днепр (Днепропетровск)
Ford KA 2019;https://auto.ria.com/newauto/auto-ford-ka-1792915.html;11 072 $;312 713 грн;Днепр (Днепропетровск)
Ford Kuga 2019;https://auto.ria.com/newauto/auto-ford-kuga-1792142.html;21 674 $;612 157 грн;Днепр (Днепропетровск)
Ford Edge 2020;https://auto.ria.com/newauto/auto-ford-edge-1636818.html;54 300 $;1 538 449 грн;Киев
Ford Transit груз. 2019;https://auto.ria.com/newauto/auto-ford-transit-gruz-1807524.html;32 313 $;912 643 грн;Днепр (Днепропетровск)
Ford Transit груз. 2019;https://auto.ria.com/newauto/auto-ford-transit-gruz-1807525.html;34 295 $;968 636 грн;Днепр (Днепропетровск)
Ford Fusion 2018;https://auto.ria.com/newauto/auto-ford-fusion-995697.html;44 500 $;1 247 713 грн;Киев
Ford Tourneo Connect пасс. 2019;https://auto.ria.com/newauto/auto-ford-tourneo-connect-pass-1824008.html;24 311 $;686 644 грн;Днепр (Днепропетровск)
Ford Transit пасс. 2019;https://auto.ria.com/newauto/auto-ford-transit-pass-1767479.html;42 593 $;1 203 013 грн;Днепр (Днепропетровск)
Ford Ranger 2019;https://auto.ria.com/newauto/auto-ford-ranger-1802029.html;38 365 $;1 083 586 грн;Днепр (Днепропетровск)
Ford Mondeo 2019;https://auto.ria.com/newauto/auto-ford-mondeo-1811652.html;32 362 $;914 025 грн;Днепр (Днепропетровск)
Ford Mustang 2020;https://auto.ria.com/newauto/auto-ford-mustang-1637861.html;102 000 $;2 889 905 грн;Киев
Ford Mustang 2020;https://auto.ria.com/newauto/auto-ford-mustang-1165740.html;88 490 $;2 507 144 грн;Киев
Ford Focus 2019;https://auto.ria.com/newauto/auto-ford-focus-1792119.html;16 444 $;464 457 грн;Днепр (Днепропетровск)
Ford Kuga 2019;https://auto.ria.com/newauto/auto-ford-kuga-1827441.html;20 429 $;577 000 грн;Днепр (Днепропетровск)
Ford Transit пасс. 2019;https://auto.ria.com/newauto/auto-ford-transit-pass-1817129.html;31 977 $;825 000 грн;Днепр (Днепропетровск)
Ford Tourneo Custom 2019;https://auto.ria.com/newauto/auto-ford-tourneo-custom-1792149.html;41 161 $;1 162 568 грн;Днепр (Днепропетровск)
Ford KA 2019;https://auto.ria.com/newauto/auto-ford-ka-1827423.html;12 604 $;356 000 грн;Днепр (Днепропетровск)
Ford Mustang 2020;https://auto.ria.com/newauto/auto-ford-mustang-1819245.html;119 300 $;3 369 521 грн;Киев
Ford Transit Custom 2019;https://auto.ria.com/newauto/auto-ford-transit-custom-1795745.html;29 302 $;827 610 грн;Днепр (Днепропетровск)
Ford Ranger 2019;https://auto.ria.com/newauto/auto-ford-ranger-1802026.html;29 826 $;842 402 грн;Днепр (Днепропетровск)
Ford Focus 2019;https://auto.ria.com/newauto/auto-ford-focus-1792130.html;20 696 $;584 544 грн;Днепр (Днепропетровск)
Ford Mustang 2020;https://auto.ria.com/newauto/auto-ford-mustang-1636822.html;48 500 $;1 374 121 грн;Киев
Ford Transit Custom 2019;https://auto.ria.com/newauto/auto-ford-transit-custom-1811656.html;30 439 $;859 736 грн;Днепр (Днепропетровск)
Ford Focus 2019;https://auto.ria.com/newauto/auto-ford-focus-1829374.html;23 350 $;659 513 грн;Днепр (Днепропетровск)
Ford Kuga 2019;https://auto.ria.com/newauto/auto-ford-kuga-1827336.html;25 874 $;725 466 грн;Тернополь
Ford Kuga 2019;https://auto.ria.com/newauto/auto-ford-kuga-1795743.html;29 759 $;840 519 грн;Днепр (Днепропетровск)
Ford Mondeo 2019;https://auto.ria.com/newauto/auto-ford-mondeo-1811650.html;28 904 $;816 365 грн;Днепр (Днепропетровск)
Ford Tourneo Connect пасс. 2019;https://auto.ria.com/newauto/auto-ford-tourneo-connect-pass-1779759.html;23 868 $;674 117 грн;Днепр (Днепропетровск)
Ford Transit пасс. 2019;https://auto.ria.com/newauto/auto-ford-transit-pass-1821529.html;32 877 $;928 585 грн;Днепр (Днепропетровск)
Ford Tourneo Connect пасс. 2019;https://auto.ria.com/newauto/auto-ford-tourneo-connect-pass-1824007.html;23 180 $;654 706 грн;Днепр (Днепропетровск)
Ford Mondeo 2019;https://auto.ria.com/newauto/auto-ford-mondeo-1811647.html;32 604 $;920 876 грн;Днепр (Днепропетровск)
Ford Focus 2019;https://auto.ria.com/newauto/auto-ford-focus-1792124.html;19 205 $;542 434 грн;Днепр (Днепропетровск)
Ford Focus 2019;https://auto.ria.com/newauto/auto-ford-focus-1829373.html;22 331 $;630 720 грн;Днепр (Днепропетровск)
Ford Transit Custom 2019;https://auto.ria.com/newauto/auto-ford-transit-custom-1807521.html;32 379 $;914 518 грн;Днепр (Днепропетровск)
Ford Transit Connect груз. 2019;https://auto.ria.com/newauto/auto-ford-transit-connect-gruz-1792151.html;19 546 $;552 063 грн;Днепр (Днепропетровск)
Ford Mondeo 2019;https://auto.ria.com/newauto/auto-ford-mondeo-1811648.html;36 285 $;1 024 830 грн;Днепр (Днепропетровск)
Ford Ranger 2019;https://auto.ria.com/newauto/auto-ford-ranger-1802027.html;31 010 $;875 859 грн;Днепр (Днепропетровск)
Ford Focus 2019;https://auto.ria.com/newauto/auto-ford-focus-1792127.html;20 290 $;573 078 грн;Днепр (Днепропетровск)
Ford Tourneo Connect пасс. 2019;https://auto.ria.com/newauto/auto-ford-tourneo-connect-pass-1779760.html;24 997 $;706 027 грн;Днепр (Днепропетровск)
Ford Focus 2019;https://auto.ria.com/newauto/auto-ford-focus-1807507.html;28 104 $;793 760 грн;Днепр (Днепропетровск)
Ford Focus 2019;https://auto.ria.com/newauto/auto-ford-focus-1792133.html;21 729 $;613 703 грн;Днепр (Днепропетровск)
Ford Kuga 2019;https://auto.ria.com/newauto/auto-ford-kuga-1795744.html;30 221 $;853 552 грн;Днепр (Днепропетровск)
Ford Mustang 2020;https://auto.ria.com/newauto/auto-ford-mustang-959360.html;54 400 $;1 541 283 грн;Киев
Ford Fiesta 2019;https://auto.ria.com/newauto/auto-ford-fiesta-1802020.html;20 447 $;577 503 грн;Днепр (Днепропетровск)
Ford Focus 2019;https://auto.ria.com/newauto/auto-ford-focus-1802025.html;28 999 $;819 050 грн;Днепр (Днепропетровск)
Ford Kuga 2018;https://auto.ria.com/newauto/auto-ford-kuga-1693754.html;23 819 $;672 748 грн;Днепр (Днепропетровск)
Ford F-150 2020;https://auto.ria.com/newauto/auto-ford-f-150-1637856.html;91 000 $;2 570 213 грн;Киев
Ford Transit пасс. 2020;https://auto.ria.com/newauto/auto-ford-transit-pass-1832249.html;34 308 $;969 000 грн;Днепр (Днепропетровск)
Ford Flex 2020;https://auto.ria.com/newauto/auto-ford-flex-995685.html;69 900 $;1 980 435 грн;Киев
Ford Transit Custom 2019;https://auto.ria.com/newauto/auto-ford-transit-custom-1823854.html;35 423 $;1 000 489 грн;Днепр (Днепропетровск)
Ford Focus 2019;https://auto.ria.com/newauto/auto-ford-focus-1829376.html;18 282 $;516 356 грн;Днепр (Днепропетровск)
Ford Mustang 2020;https://auto.ria.com/newauto/auto-ford-mustang-1739361.html;98 400 $;2 787 908 грн;Киев
Ford Focus 2019;https://auto.ria.com/newauto/auto-ford-focus-1792121.html;18 798 $;530 940 грн;Днепр (Днепропетровск)
Ford Explorer 2020;https://auto.ria.com/newauto/auto-ford-explorer-1117348.html;86 000 $;2 411 311 грн;Киев
Ford Tourneo Courier 2019;https://auto.ria.com/newauto/auto-ford-tourneo-courier-1815290.html;16 791 $;474 235 грн;Днепр (Днепропетровск)
Ford F-150 2020;https://auto.ria.com/newauto/auto-ford-f-150-1739409.html;69 000 $;1 954 936 грн;Киев
Ford Ranger 2019;https://auto.ria.com/newauto/auto-ford-ranger-1814995.html;43 666 $;1 233 293 грн;Днепр (Днепропетровск)
Ford Tourneo Connect пасс. 2019;https://auto.ria.com/newauto/auto-ford-tourneo-connect-pass-1818452.html;23 757 $;671 000 грн;Днепр (Днепропетровск)
Ford Kuga 2019;https://auto.ria.com/newauto/auto-ford-kuga-1824966.html;25 118 $;704 271 грн;Чернигов
Ford Trucks 2020;https://auto.ria.com/newauto/auto-ford-trucks-1800277.html;Цену уточняйте;Цену уточняйте;Киев
Ford Trucks 2020;https://auto.ria.com/newauto/auto-ford-trucks-1793417.html;71 360 $;2 025 034 грн;Киев
Ford Trucks 2020;https://auto.ria.com/newauto/auto-ford-trucks-1800278.html;Цену уточняйте;Цену уточняйте;Киев
Ford Trucks 2020;https://auto.ria.com/newauto/auto-ford-trucks-1793414.html;Цену уточняйте;Цену уточняйте;Киев
Ford Trucks 2020;https://auto.ria.com/newauto/auto-ford-trucks-1793416.html;Цену уточняйте;Цену уточняйте;Киев
Ford Trucks 2020;https://auto.ria.com/newauto/auto-ford-trucks-1793415.html;Цену уточняйте;Цену уточняйте;Киев
Ford Trucks 2020;https://auto.ria.com/newauto/auto-ford-trucks-1793420.html;69 937 $;1 984 657 грн;Киев
Ford Trucks 2020;https://auto.ria.com/newauto/auto-ford-trucks-1800280.html;Цену уточняйте;Цену уточняйте;Киев
Ford Trucks 2020;https://auto.ria.com/newauto/auto-ford-trucks-1793424.html;Цену уточняйте;Цену уточняйте;Киев
Ford Trucks 2020;https://auto.ria.com/newauto/auto-ford-trucks-1793421.html;106 492 $;3 022 021 грн;Киев
Ford Trucks 2020;https://auto.ria.com/newauto/auto-ford-trucks-1800279.html;Цену уточняйте;Цену уточняйте;Киев
Ford Trucks 2020;https://auto.ria.com/newauto/auto-ford-trucks-1793423.html;108 243 $;3 071 715 грн;Киев
Ford Trucks 2020;https://auto.ria.com/newauto/auto-ford-trucks-1793419.html;Цену уточняйте;Цену уточняйте;Киев
Ford Trucks 2020;https://auto.ria.com/newauto/auto-ford-trucks-1800196.html;Цену уточняйте;Цену уточняйте;Киев
Ford Trucks 2020;https://auto.ria.com/newauto/auto-ford-trucks-1800199.html;Цену уточняйте;Цену уточняйте;Киев
Ford Trucks 2020;https://auto.ria.com/newauto/auto-ford-trucks-1800360.html;Цену уточняйте;Цену уточняйте;Киев
Ford Trucks 2020;https://auto.ria.com/newauto/auto-ford-trucks-1800359.html;Цену уточняйте;Цену уточняйте;Киев
Ford Trucks 2020;https://auto.ria.com/newauto/auto-ford-trucks-1800210.html;Цену уточняйте;Цену уточняйте;Киев
Ford Trucks 2020;https://auto.ria.com/newauto/auto-ford-trucks-1800190.html;Цену уточняйте;Цену уточняйте;Киев
Ford Transit груз. 2019;https://auto.ria.com/newauto/auto-ford-transit-gruz-1825484.html;30 388 $;784 000 грн;Днепр (Днепропетровск)
Ford Trucks 2020;https://auto.ria.com/newauto/auto-ford-trucks-1800195.html;Цену уточняйте;Цену уточняйте;Киев
Ford Trucks 2020;https://auto.ria.com/newauto/auto-ford-trucks-1800358.html;Цену уточняйте;Цену уточняйте;Киев
Ford Trucks 2020;https://auto.ria.com/newauto/auto-ford-trucks-1800194.html;Цену уточняйте;Цену уточняйте;Киев
Ford Trucks 2020;https://auto.ria.com/newauto/auto-ford-trucks-1800191.html;Цену уточняйте;Цену уточняйте;Киев
Ford Trucks 2020;https://auto.ria.com/newauto/auto-ford-trucks-1800198.html;Цену уточняйте;Цену уточняйте;Киев
Ford Trucks 2020;https://auto.ria.com/newauto/auto-ford-trucks-1800211.html;Цену уточняйте;Цену уточняйте;Киев
Ford Trucks 2020;https://auto.ria.com/newauto/auto-ford-trucks-1800197.html;Цену уточняйте;Цену уточняйте;Киев
Ford Trucks 2020;https://auto.ria.com/newauto/auto-ford-trucks-1800200.html;Цену уточняйте;Цену уточняйте;Киев
Ford Transit груз. 2018;https://auto.ria.com/newauto/auto-ford-transit-gruz-1811365.html;27 520 $;710 000 грн;Днепр (Днепропетровск)
Ford Transit Custom 2019;https://auto.ria.com/newauto/auto-ford-transit-custom-1811364.html;29 845 $;770 000 грн;Днепр (Днепропетровск)
Ford Trucks 2020;https://auto.ria.com/newauto/auto-ford-trucks-1800189.html;Цену уточняйте;Цену уточняйте;Киев
Ford Trucks 2020;https://auto.ria.com/newauto/auto-ford-trucks-1800193.html;Цену уточняйте;Цену уточняйте;Киев
Ford Trucks 2020;https://auto.ria.com/newauto/auto-ford-trucks-1800192.html;Цену уточняйте;Цену уточняйте;Киев
Ford Transit Connect груз. 2019;https://auto.ria.com/newauto/auto-ford-transit-connect-gruz-1821531.html;21 240 $;599 914 грн;Днепр (Днепропетровск)
Ford Transit груз. 2019;https://auto.ria.com/newauto/auto-ford-transit-gruz-1821530.html;31 097 $;878 309 грн;Днепр (Днепропетровск)
Ford Transit Connect груз. 2019;https://auto.ria.com/newauto/auto-ford-transit-connect-gruz-1824006.html;18 859 $;532 652 грн;Днепр (Днепропетровск)
Ford Transit груз. 2019;https://auto.ria.com/newauto/auto-ford-transit-gruz-1817946.html;38 311 $;1 082 073 грн;Днепр (Днепропетровск)
Ford Transit пасс. 2019;https://auto.ria.com/newauto/auto-ford-transit-pass-1824193.html;37 388 $;1 019 000 грн;Харьков
Ford Transit пасс. 2019;https://auto.ria.com/newauto/auto-ford-transit-pass-1814998.html;45 534 $;1 286 079 грн;Днепр (Днепропетровск)
Ford Mustang GT 2018;https://auto.ria.com/newauto/auto-ford-mustang-gt-1719812.html;79 999 $;2 266 564 грн;Киев
Ford F-150 2018;https://auto.ria.com/newauto/auto-ford-f-150-1637854.html;99 300 $;2 804 639 грн;Киев
Ford Mustang 2018;https://auto.ria.com/newauto/auto-ford-mustang-1739360.html;58 500 $;1 657 445 грн;Киев
